message,label
"I'm a car guy, recommend me some scents that fit that vibe.",1
"I need something for prom that isn't too overpowering.",1
"I like fresh but not too sweet scents.",1
"Looking for a fragrance for long workdays in a small office.",1
"I prefer luxury perfumes only.",1
"What's a good oud for someone who hates heavy musk?",1
"I want to smell like a forest after it rains.",1
"Suggest a perfume for a 20-year-old guy's first date.",1
"Best vanilla scents that don't smell like a cupcake?",1
"I'm looking for a gift for my mom, she likes white florals.",1
"What are the best summer fragrances for high humidity?",1
"I need a scent that screams 'boss' for a big presentation.",1
"Does anyone still wear vintage Chanel No. 5?",1
"Looking for a budget-friendly alternative to Baccarat Rouge 540.",1
"Is Dior Sauvage too basic for a club night?",1
"I want something spicy and warm for winter nights.",1
"What's a good aquatic scent that actually lasts more than 2 hours?",1
"I'm a minimalist. Give me a 'skin scent' recommendation.",1
"My skin chemistry turns everything sour, help!",1
"Looking for a wedding scent that matches a beach theme.",1
"I love the smell of coffee. Are there any perfumes with that note?",1
"What should I wear to a funeral that's respectful but nice?",1
"Recommend me a fragrance that smells like expensive leather.",1
"I'm a student on a budget, what's a good versatile scent?",1
"Looking for something gourmand but with a bit of spice.",1
"Is Santal 33 worth the hype or is it overplayed?",1
"I need a perfume that makes me feel confident at the gym.",1
"What's the best flanker in the YSL Libre line?",1
"I want to smell like a dark, mysterious library.",1
"Are there any perfumes that smell like fresh laundry?",1
"Looking for a rose perfume that isn't 'old lady' style.",1
"I'm going to a music festival, need something that won't cloy in heat.",1
"Recommend a masculine floral for someone who usually wears woods.",1
"I'm a gardener, I want a scent that smells like real tomato vines.",1
"What's the difference between EDP and EDT for Bleu de Chanel?",1
"Looking for a niche fragrance that nobody else will be wearing.",1
"I want a scent that matches a black-tie gala event.",1
"Can you suggest a citrus scent that doesn't smell like cleaning product?",1
"I love sandalwood. What are the best sandalwood-forward scents?",1
"I need a pick-me-up scent for early morning shifts.",1
"Looking for a unisex fragrance for a couple to share.",1
"What's a good blind buy for someone who likes powdery notes?",1
"Is there a perfume that smells like the ocean but not salty?",1
"I'm looking for a signature scent that I can wear year-round.",1
"Recommend something with a strong sillage for outdoor parties.",1
"I want a perfume that features tea as a main note.",1
"What fragrance should I wear with a leather jacket?",1
"Looking for a cheapie that smells like a million bucks.",1
"I'm a nurse, I need something very light and unobtrusive.",1
"What's the best Tom Ford fragrance for a cold autumn day?",1
"I want to smell like a tropical vacation—think coconut and lime.",1
"Is it okay to wear heavy gourmands in the summer?",1
"Looking for a fragrance for a 50th birthday gift.",1
"I'm a goth, recommend me something dark and incense-heavy.",1
"What's a good starter niche brand for beginners?",1
"I need a perfume for a job interview in a creative field.",1
"Something with tobacco and honey notes please.",1
"I'm looking for a scent that smells like a cold mountain breeze.",1
"What's a good perfume to wear to a baseball game?",1
"I want a fragrance that features jasmine but isn't too indolic.",1
"Looking for a scent that pairs well with a linen suit.",1
"I'm a bridesmaid, what's a soft romantic scent for the day?",1
"Is there a perfume that smells like a bookstore?",1
"Recommend a fragrance for a high-end dinner party.",1
"I want a scent that's polarizing—either love it or hate it.",1
"What's the best lavender fragrance for sleep and relaxation?",1
"I'm looking for a citrus fragrance that actually has good longevity.",1
"Suggest a scent for a coastal grandmother aesthetic.",1
"What's a good perfume for a rainy day in the city?",1
"I need something for a first date that's inviting but not thirsty.",1
"Looking for a green scent that smells like mown grass.",1
"I'm a fan of patchouli, but not the 'hippie' kind. Suggestions?",1
"What fragrance fits a 'clean girl' aesthetic best?",1
"I want a perfume that smells like a campfire.",1
"Looking for a gift for a teenage girl who likes sweet things.",1
"What's a good scent for a rainy afternoon reading a book?",1
"I need a fragrance that won't give my coworkers a headache.",1
"I'm looking for a scent with a strong ginger note.",1
"Recommend something for a winter wedding in the mountains.",1
"I want to smell like a bouquet of peonies.",1
"Is there a scent that captures the vibe of the 1970s?",1
"Looking for a perfume that smells like champagne.",1
"I'm a teacher, I need something approachable and friendly.",1
"What's the best iris-based fragrance for men?",1
"I want something that smells like a luxury hotel lobby.",1
"Looking for a fragrance with a 'lipsticky' or 'makeup' vibe.",1
"I'm a hiker, I want a scent that smells like cedar and pine.",1
"What should I wear to a summer rooftop bar?",1
"Looking for a scent that smells like solar notes and sunblock.",1
"I want a perfume that smells like a spicy chai latte.",1
"Suggest a fragrance for a 'dark academia' vibe.",1
"I need a scent for a formal court appearance.",1
"Looking for a perfume with a prominent pear note.",1
"I'm a skater, I want something casual and cool.",1
"What's a good fragrance for a night at the opera?",1
"I want a scent that smells like petrichor.",1
"Looking for a perfume that features vetiver but isn't too dry.",1
"I'm a yoga instructor, I need something calming and earthy.",1
"What fragrance fits a 'yacht club' lifestyle?",1
"I want something that smells like a bakery.",1
"Looking for a scent that is mostly amber and benzoin.",1
"I'm a fashion student, give me something avant-garde.",1
"What's the best 'blue' fragrance on the market right now?",1
"I want a perfume that smells like a botanical garden.",1
"Looking for a scent for a weekend getaway in the woods.",1
"I'm a gamer, suggest something I can wear while streaming.",1
"What's a good fragrance for a graduation ceremony?",1
"I want something with a very prominent metallic note.",1
"Looking for a perfume that smells like a cherry soda.",1
"I'm a chef, I need a scent that won't interfere with food aromas.",1
"What's the best lilac perfume available?",1
"I want to smell like a mediterranean lemon grove.",1
"Looking for a scent that is cozy like a cashmere sweater.",1
"I'm a scientist, I want something sharp and intellectual.",1
"What fragrance should I wear to a rock concert?",1
"I want a perfume that smells like a peach orchard.",1
"Looking for a scent that's heavy on the black pepper.",1
"I'm a dad, I want a classic 'barbershop' scent.",1
"What's a good fragrance for a housewarming party?",1
"I want something that smells like a wet mossy stone.",1
"Looking for a perfume with a really good plum note.",1
"I'm a bartender, I need something that can cut through smoke and booze.",1
"What's the most romantic perfume for an anniversary?",1
"I want to smell like a fig tree in the sun.",1
"Looking for a fragrance that features tuberose.",1
"I'm a digital nomad, I need a versatile travel fragrance.",1
"What's a good scent for a morning jog?",1
"I want a perfume that smells like a vintage carnival.",1
"Looking for a fragrance that is salty and balsamic.",1
"I'm a lawyer, I need something that commands respect.",1
"What fragrance fits a 'cottagecore' vibe?",1
"I want something that smells like a cold gin and tonic.",1
"Looking for a perfume with a great rhubarb note.",1
"I'm a dog walker, I need something fresh for outdoors.",1
"What's the best fragrance for a winter bonfire?",1
"I want a perfume that smells like a blooming orange grove.",1
"Looking for a scent that is very '90s nostalgia.",1
"I'm a pilot, give me something airy and light.",1
"What's a good fragrance for a first day at a new job?",1
"I want something that smells like a field of sunflowers.",1
"Looking for a perfume with a strong musk base.",1
"I'm a real estate agent, I want to smell professional but inviting.",1
"What fragrance should I wear to a gallery opening?",1
"I want a perfume that smells like a strawberry patch.",1
"Looking for a scent that is dark, resinous, and gothic.",1
"I'm a student athlete, I need a long-lasting freshie.",1
"What's a good fragrance for a holiday family dinner?",1
"I want something that smells like a expensive spa.",1
"Looking for a perfume with a prominent carnation note.",1
"I'm a writer, I want a scent that helps me focus.",1
"What fragrance fits a 'steampunk' aesthetic?",1
"I want a perfume that smells like a sea breeze on a cliff.",1
"Looking for a scent that is basically just pure sandalwood oil.",1
"I'm a barista, I want something that smells like cocoa and hazelnut.",1
"What's the best fragrance for a spring picnic?",1
"I want to smell like a dusty antique shop.",1
"Looking for a perfume with a very realistic lily of the valley.",1
"I'm a surfer, I want something that smells like wax and salt.",1
"What fragrance should I wear to a spa day?",1
"I want a perfume that smells like a midnight garden.",1
"Looking for a scent that is bright, zesty, and sparkling.",1
"I'm a DJ, give me something loud and proud.",1
"What's a good fragrance for a quiet night in?",1
"I want something that smells like a freshly opened magazine.",1
"Looking for a perfume with a strong saffron note.",1
"I'm a programmer, I need something subtle for the office.",1
"What fragrance fits a 'royalty' or 'old money' vibe?",1
"I want a perfume that smells like a thunderstorm.",1
"Looking for a scent that is very animalic and bold.",1
"I'm a librarian, I want a scent that smells like paper and ink.",1
"What's the best fragrance for a baby shower?",1
"I want something that smells like a pine forest in winter.",1
"Looking for a perfume with a honey and beeswax vibe.",1
"I'm a florist, I want a scent that smells like a green greenhouse.",1
"What fragrance should I wear to a jazz club?",1
"I want a perfume that smells like a warm apple pie.",1
"Looking for a scent that is very metallic and cold.",1
"I'm a personal trainer, I want something that smells clean and energetic.",1
"What's a good fragrance for a weekend brunch?",1
"I want something that smells like a luxury yacht.",1
"Looking for a perfume with a dominant neroli note.",1
"I'm a doctor, I need a scent that is hygienic but pleasant.",1
"What fragrance fits a 'cyberpunk' vibe?",1
"I want a perfume that smells like a herb garden.",1
"Looking for a scent that is very powdery and vintage.",1
"I'm a construction worker, I need something that can handle sweat.",1
"What's the best fragrance for a red carpet event?",1
"I want something that smells like a pomegranate.",1
"Looking for a perfume with a realistic grapefruit note.",1
"I'm a designer, I want something minimalist and chic.",1
"What fragrance should I wear to a baptism?",1
"I want a perfume that smells like a blooming violet field.",1
"Looking for a scent that is very earthy and root-like.",1
"I'm an actor, give me something that helps me get into character.",1
"What's a good fragrance for a summer wedding?",1
"I want something that smells like a cedar chest.",1
"Looking for a perfume with a strong frankincense note.",1
"I'm a gardener, I want a scent that smells like potting soil and rain.",1
"What fragrance fits a 'preppy' lifestyle?",1
"I want a perfume that smells like a vanilla orchid.",1
"Looking for a scent that is very ozonic and airy.",1
"I'm a retired professional, I want a timeless classic.",1
"What's the best fragrance for a mountain hike?",1
"I want something that smells like a almond biscotti.",1
"Looking for a perfume with a prominent magnolia note.",1
"I'm a hair stylist, I want something that smells like expensive shampoo.",1
"What fragrance should I wear to a broadway show?",1
"I want a perfume that smells like a spice market in Marrakech.",1
"Looking for a scent that is very green and leafy.",1
"I'm a sales rep, I want something that makes me seem trustworthy.",1
"What's a good fragrance for a beach bonfire?",1
"I want something that smells like a old bookstore in London.",1
"Looking for a perfume with a strong leather and smoke combo.",1
"I'm a college student, I want something trendy but not too pricey.",1
"What fragrance fits a 'grunge' aesthetic?",1
"I want a perfume that smells like a rose in the rain.",1
"Looking for a scent that is very clean and soapy.",1
"I'm a surfer girl, give me something coconut and sea salt.",1
"What's the best fragrance for a winter formal?",1
"I want something that smells like a peach bellini.",1
"Looking for a perfume with a prominent eucalyptus note.",1
"I'm a therapist, I need something very calming for my clients.",1
"What fragrance should I wear to a costume party?",1
"I want a perfume that smells like a mediterranean coast.",1
"Looking for a scent that is very balsamic and sweet.",1
"I'm a stay-at-home mom, I want a little luxury for my day.",1
"What's a good fragrance for a winery tour?",1
"I want something that smells like a freshly cut christmas tree.",1
"Looking for a perfume with a strong tonka bean base.",1
"I'm a journalist, I want a scent that feels professional and sharp.",1
"What fragrance fits a 'boho' vibe?",1
"I want a perfume that smells like a lavender field in Provence.",1
"Looking for a scent that is very spicy and exotic.",1
"I'm a fitness influencer, I want something that smells like energy.",1
"What's the best fragrance for a black tie event?",1
"I want something that smells like a expensive box of chocolates.",1
"Looking for a perfume with a prominent ylang-ylang note.",1
"I'm a historian, I want a scent that smells like old parchment.",1
"What fragrance should I wear to a family reunion?",1
"I want a perfume that smells like a desert after rain.",1
"Looking for a scent that is very citrusy and bright.",1
"I'm a photographer, I want something creative and unique.",1
"What's a good fragrance for a spring day in the city?",1
"I want something that smells like a luxury car interior.",1
"Looking for a perfume with a strong ambergris note.",1
"I'm a teenager, I want something that smells like candy.",1
"What fragrance fits a 'minimalist' aesthetic?",1
"I want a perfume that smells like a blooming jasmine night.",1
"Looking for a scent that is very woody and dry.",1
"I'm a corporate executive, I want a scent that projects power.",1
"What's the best fragrance for a tropical holiday?",1
"I want something that smells like a fresh cucumber.",1
"Looking for a perfume with a prominent raspberry note.",1
"I'm a artist, give me something that smells like paint and turpentine.",1
"What fragrance should I wear to a garden party?",1
"I want a perfume that smells like a smoky club in Berlin.",1
"Looking for a scent that is very aquatic and salty.",1
"I'm a startup founder, I want something modern and disruptive.",1
"What's a good fragrance for a fall wedding?",1
"I want something that smells like a warm gingerbread cookie.",1
"Looking for a perfume with a strong guaiac wood note.",1
"I'm a fashion blogger, I want the 'it' fragrance of the season.",1
"What fragrance fits a 'dark romance' vibe?",1
"I want a perfume that smells like a bunch of peonies.",1
"Looking for a scent that is very sharp and zesty.",1
"I'm a chef, I want something that smells like fresh herbs.",1
"What's the best fragrance for a first date in a coffee shop?",1
"I want something that smells like a luxury hotel suite.",1
"Looking for a perfume with a prominent freesia note.",1
"I'm a yoga student, I want something that smells like palo santo.",1
"What fragrance should I wear to a museum?",1
"I want a perfume that smells like a blooming rose bush.",1
"Looking for a scent that is very warm and resinous.",1
"I'm a digital artist, I want something futuristic and synthetic.",1
"What's a good fragrance for a winter day at home?",1
"I want something that smells like a apple harvest.",1
"Looking for a perfume with a strong labdanum note.",1
"I'm a cyclist, I want something light and refreshing.",1
"What fragrance fits a 'vintage glam' aesthetic?",1
"I want a perfume that smells like a sea salt caramel.",1
"Looking for a scent that is very floral and airy.",1
"I'm a real estate mogul, I want a scent that smells like money.",1
"What's the best fragrance for a city break?",1
"I want something that smells like a freshly baked baguette.",1
"Looking for a perfume with a prominent mimosa note.",1
"I'm a makeup artist, I want a scent that smells like face powder.",1
"What fragrance should I wear to a outdoor concert?",1
"I want a perfume that smells like a cedar forest in the sun.",1
"Looking for a scent that is very spicy and aromatic.",1
"I'm a flight attendant, I need a scent that is universally liked.",1
"What's a good fragrance for a autumn walk?",1
"I want something that smells like a expensive cigar lounge.",1
"Looking for a perfume with a strong benzoin note.",1
"I'm a college professor, I want something classic and dignified.",1
"What fragrance fits a 'scandi-chic' aesthetic?",1
"I want a perfume that smells like a blooming orange tree.",1
"Looking for a scent that is very clean and crisp.",1
"I'm a hiker, give me something that smells like the great outdoors.",1
"What's the best fragrance for a spring morning?",1
"I want something that smells like a mango lassi.",1
"Looking for a perfume with a prominent heliotrope note.",1
"I'm a therapist, I want a scent that is grounding and earthy.",1
"What fragrance should I wear to a formal dinner?",1
"I want a perfume that smells like a mediterranean garden.",1
"Looking for a scent that is very sweet and gourmand.",1
"I'm a new dad, I want a scent that is comforting.",1
"What's a good fragrance for a summer day at the park?",1
"I want something that smells like a pine forest.",1
"Looking for a perfume with a strong civet note.",1
"I'm a journalist, I want a scent that is bold and inquiring.",1
"What fragrance fits a 'quiet luxury' vibe?",1
"I want a perfume that smells like a blooming lily.",1
"Looking for a scent that is very dark and smoky.",1
"I'm a personal shopper, I want to smell sophisticated.",1
"What's the best fragrance for a winter night out?",1
"I want something that smells like a box of macarons.",1
"Looking for a perfume with a prominent osmanthus note.",1
"I'm a architect, I want something structured and precise.",1
"What fragrance should I wear to a wedding reception?",1
"I want a perfume that smells like a cedar wood cabin.",1
"Looking for a scent that is very green and herbal.",1
"I'm a social media manager, I want something trendy.",1
"What's a good fragrance for a rainy morning?",1
"I want something that smells like a expensive leather bag.",1
"Looking for a perfume with a strong castoreum note.",1
"I'm a scientist, I want something clean and clinical.",1
"What fragrance fits a 'maximalist' aesthetic?",1
"I want a perfume that smells like a blooming gardenia.",1
"Looking for a scent that is very aquatic and fresh.",1
"I'm a dancer, I want something that moves with me.",1
"What's the best fragrance for a autumn evening?",1
"I want something that smells like a warm chai tea.",1
"Looking for a perfume with a prominent hyacinth note.",1
"I'm a baker, I want a scent that smells like vanilla and yeast.",1
"What fragrance should I wear to a art fair?",1
"I want a perfume that smells like a pine tree in the rain.",1
"Looking for a scent that is very spicy and warm.",1
"I'm a travel agent, I want something that smells like exotic places.",1
"What's a good fragrance for a summer night out?",1
"I want something that smells like a luxury spa resort.",1
"Looking for a perfume with a strong myrrh note.",1
"I'm a history buff, I want a scent that smells like a old library.",1
"What fragrance fits a 'sporty' lifestyle?",1
"I want a perfume that smells like a blooming cherry blossom.",1
"Looking for a scent that is very woody and earthy.",1
"I'm a lawyer, I want a scent that is sharp and persuasive.",1
"What's the best fragrance for a spring evening?",1
"I want something that smells like a fresh lemon tart.",1
"Looking for a perfume with a prominent narcissus note.",1
"I'm a gardener, I want a scent that smells like fresh herbs.",1
"What fragrance should I wear to a cocktail party?",1
"I want a perfume that smells like a cedar forest in winter.",1
"Looking for a scent that is very sweet and fruity.",1
"I'm a stay at home dad, I want something easy and fresh.",1
"What's a good fragrance for a winter morning?",1
"I want something that smells like a expensive chocolate bar.",1
"Looking for a perfume with a strong elemi note.",1
"I'm a librarian, I want a scent that is quiet and calming.",1
"What fragrance fits a 'eclectic' aesthetic?",1
"I want a perfume that smells like a blooming jasmine vine.",1
"Looking for a scent that is very clean and minimal.",1
"I'm a surfer, give me something that smells like the ocean.",1
"What's the best fragrance for a autumn day?",1
"I want something that smells like a warm apple cider.",1
"Looking for a perfume with a prominent champaca note.",1
"I'm a psychologist, I want a scent that is empathetic and warm.",1
"What fragrance should I wear to a dinner with friends?",1
"I want a perfume that smells like a mediterranean village.",1
"Looking for a scent that is very dark and resinous.",1
"I'm a entrepreneur, I want a scent that is confident and bold.",1
"What's a good fragrance for a spring day?",1
"I want something that smells like a luxury hotel.",1
"Looking for a perfume with a strong opoponax note.",1
"I'm a writer, I want a scent that is inspiring.",1
"What fragrance fits a 'classic' lifestyle?",1
"I want a perfume that smells like a blooming rose.",1
"Looking for a scent that is very woody and masculine.",1
"I'm a student, I want a scent that is fun and energetic.",1
"What's the best fragrance for a summer day?",1
"I want something that smells like a fresh strawberry.",1
"Looking for a perfume with a prominent tagetes note.",1
"I'm a chef, I want a scent that is clean and fresh.",1
"What fragrance should I wear to a family dinner?",1
"I want a perfume that smells like a cedar forest.",1
"Looking for a scent that is very spicy and bold.",1
"I'm a teacher, I want a scent that is friendly and warm.",1
"What's a good fragrance for a winter evening?",1
"I want something that smells like a expensive perfume.",1
"Looking for a perfume with a strong styrax note.",1
"I'm a nurse, I want a scent that is light and clean.",1
"What fragrance fits a 'modern' aesthetic?",1
"I want a perfume that smells like a blooming flower.",1
"Looking for a scent that is very aquatic and clean.",1
"I'm a athlete, I want something that is fresh and sporty.",1
"What's the best fragrance for a spring night?",1
"I want something that smells like a warm vanilla bean.",1
"Looking for a perfume with a prominent artemisia note.",1
"I'm a artist, I want a scent that is unique and creative.",1
"What fragrance should I wear to a party?",1
"I want a perfume that smells like a mediterranean beach.",1
"Looking for a scent that is very dark and mysterious.",1
"I'm a businessman, I want a scent that is professional and sharp.",1
"What's a good fragrance for a autumn night?",1
"I want something that smells like a luxury car.",1
"Looking for a perfume with a strong galbanum note.",1
"I'm a student, I want a scent that is trendy and cool.",1
"What fragrance fits a 'bohemian' lifestyle?",1
"I want a perfume that smells like a blooming garden.",1
"Looking for a scent that is very woody and warm.",1
"I'm a doctor, I want a scent that is clean and professional.",1
"What's the best fragrance for a winter day?",1
"I want something that smells like a fresh orange.",1
"Looking for a perfume with a prominent cassia note.",1
"I'm a fashionista, I want a scent that is stylish.",1
"What fragrance should I wear to a wedding?",1
"I want a perfume that smells like a cedar tree.",1
"Looking for a scent that is very spicy and fresh.",1
"I'm a musician, I want a scent that is bold and expressive.",1
"What's a good fragrance for a spring day out?",1
"I want something that smells like a expensive watch.",1
"Looking for a perfume with a strong cade note.",1
"I'm a pilot, I want a scent that is light and airy.",1
"What fragrance fits a 'urban' aesthetic?",1
"I want a perfume that smells like a blooming orchid.",1
"Looking for a scent that is very clean and fresh.",1
"I'm a traveler, I want something that is versatile.",1
"What's the best fragrance for a summer night?",1
"I want something that smells like a warm cup of coffee.",1
"Looking for a perfume with a prominent broom note.",1
"I'm a scientist, I want a scent that is precise and sharp.",1
"What fragrance should I wear to a formal event?",1
"I want a perfume that smells like a mediterranean island.",1
"Looking for a scent that is very dark and bold.",1
"I'm a creative director, I want a scent that is innovative.",1
"What's a good fragrance for a autumn day out?",1
"I want something that smells like a luxury suite.",1
"Looking for a perfume with a strong cypress note.",1
"I'm a historian, I want a scent that is timeless.",1
"What fragrance fits a 'luxurious' lifestyle?",1
"I want a perfume that smells like a blooming peony.",1
"Looking for a scent that is very woody and clean.",1
"I'm a coach, I want a scent that is motivating.",1
"What's the best fragrance for a spring day?",1
"I want something that smells like a fresh grapefruit.",1
"Looking for a perfume with a prominent boronia note.",1
"I'm a designer, I want a scent that is aesthetic.",1
"What fragrance should I wear to a gala?",1
"I want a perfume that smells like a cedar forest.",1
"Looking for a scent that is very spicy and aromatic.",1
"I'm a chef, I want a scent that is herbaceous.",1
"What's a good fragrance for a winter night?",1
"I want something that smells like a expensive hotel.",1
"Looking for a perfume with a strong fir note.",1
"I'm a writer, I want a scent that is evocative.",1
"What fragrance fits a 'minimalist' lifestyle?",1
"I want a perfume that smells like a blooming jasmine.",1
"Looking for a scent that is very aquatic and salty.",1
"I'm a student, I want a scent that is fresh.",1
"What's the best fragrance for a summer day out?",1
"I want something that smells like a warm apple pie.",1
"Looking for a perfume with a prominent calamus note.",1
"I'm a therapist, I want a scent that is soothing.",1
"What fragrance should I wear to a concert?",1
"I want a perfume that smells like a mediterranean cliff.",1
"Looking for a scent that is very dark and smoky.",1
"I'm a journalist, I want a scent that is professional.",1
"What's a good fragrance for a autumn evening out?",1
"I want something that smells like a luxury car interior.",1
"Looking for a perfume with a strong juniper note.",1
"I'm a professor, I want a scent that is intellectual.",1
"What fragrance fits a 'chic' aesthetic?",1
"I want a perfume that smells like a blooming tulip.",1
"Looking for a scent that is very clean and soapy.",1
"I'm a photographer, I want a scent that is artistic.",1
"What's the best fragrance for a spring evening out?",1
"I want something that smells like a fresh pear.",1
"Looking for a perfume with a prominent ambrette note.",1
"I'm a nurse, I want a scent that is comforting.",1
"What fragrance should I wear to a birthday party?",1
"I want a perfume that smells like a cedar grove.",1
"Looking for a scent that is very spicy and sweet.",1
"I'm a traveler, give me something that smells like adventure.",1
"What's a good fragrance for a winter day out?",1
"I want something that smells like a expensive cigar.",1
"Looking for a perfume with a strong pine note.",1
"I'm a student, I want a scent that is cool.",1
"What fragrance fits a 'modern' lifestyle?",1
"I want a perfume that smells like a blooming violet.",1
"Looking for a scent that is very woody and dry.",1
"I'm a artist, I want a scent that is bold.",1
"What's the best fragrance for a summer morning?",1
"I want something that smells like a fresh peach.",1
"Looking for a perfume with a prominent angelica note.",1
"I'm a doctor, I want a scent that is trustworthy.",1
"What fragrance should I wear to a dinner party?",1
"I want a perfume that smells like a mediterranean sun.",1
"Looking for a scent that is very dark and resinous.",1
"I'm a businessman, I want a scent that is confident.",1
"What's a good fragrance for a autumn afternoon?",1
"I want something that smells like a luxury yacht.",1
"Looking for a perfume with a strong teak wood note.",1
"I'm a fashion blogger, I want a scent that is trendy.",1
"What fragrance fits a 'glamorous' lifestyle?",1
"I want a perfume that smells like a blooming lily of the valley.",1
"Looking for a scent that is very clean and crisp.",1
"I'm a athlete, I want a scent that is energetic.",1
"What's the best fragrance for a spring afternoon?",1
"I want something that smells like a warm gingerbread.",1
"Looking for a perfume with a prominent basil note.",1
"I'm a teacher, I want a scent that is approachable.",1
"What fragrance should I wear to a housewarming?",1
"I want a perfume that smells like a cedar forest in autumn.",1
"Looking for a scent that is very spicy and warm.",1
"I'm a gamer, give me something that smells like focus.",1
"What's a good fragrance for a winter afternoon?",1
"I want something that smells like a expensive chocolate.",1
"Looking for a perfume with a strong sandalwood note.",1
"I'm a student, I want a scent that is fun.",1
"What fragrance fits a 'sporty' aesthetic?",1
"I want a perfume that smells like a blooming marigold.",1
"Looking for a scent that is very woody and earthy.",1
"I'm a scientist, I want a scent that is analytical.",1
"What's the best fragrance for a summer afternoon?",1
"I want something that smells like a fresh raspberry.",1
"Looking for a perfume with a prominent bay leaf note.",1
"I'm a nurse, I want a scent that is serene.",1
"What fragrance should I wear to a club?",1
"I want a perfume that smells like a mediterranean evening.",1
"Looking for a scent that is very dark and aromatic.",1
"I'm a entrepreneur, I want a scent that is ambitious.",1
"What's a good fragrance for a spring morning out?",1
"I want something that smells like a luxury resort.",1
"Looking for a perfume with a strong patchouli note.",1
"I'm a writer, I want a scent that is creative.",1
"What fragrance fits a 'minimalist' aesthetic?",1
"I want a perfume that smells like a blooming daffodil.",1
"Looking for a scent that is very clean and fresh.",1
"I'm a hiker, I want a scent that is natural.",1
"What's the best fragrance for a autumn morning?",1
"I want something that smells like a warm chai.",1
"Looking for a perfume with a prominent benzoin note.",1
"I'm a therapist, I want a scent that is calm.",1
"What fragrance should I wear to a theater?",1
"I want a perfume that smells like a cedar forest in spring.",1
"Looking for a scent that is very spicy and bold.",1
"I'm a traveler, I want a scent that is memorable.",1
"What's a good fragrance for a summer day?",1
"I want something that smells like a expensive box of macarons.",1
"Looking for a perfume with a strong musk note.",1
"I'm a student, I want a scent that is unique.",1
"What fragrance fits a 'bohemian' lifestyle?",1
"I want a perfume that smells like a blooming sunflower.",1
"Looking for a scent that is very woody and warm.",1
"I'm a doctor, I want a scent that is professional.",1
"What's the best fragrance for a winter morning out?",1
"I want something that smells like a fresh lemon tart.",1
"Looking for a perfume with a prominent birch note.",1
"I'm a fashionista, I want a scent that is iconic.",1
"What fragrance should I wear to a brunch?",1
"I want a perfume that smells like a cedar tree in the sun.",1
"Looking for a scent that is very spicy and aromatic.",1
"I'm a pilot, I want a scent that is soaring.",1
"What's a good fragrance for a spring day?",1
"I want something that smells like a luxury car interior.",1
"Looking for a perfume with a strong vetiver note.",1
"I'm a scientist, I want a scent that is precise.",1
"What fragrance fits a 'modern' lifestyle?",1
"I want a perfume that smells like a blooming freesia.",1
"Looking for a scent that is very clean and minimal.",1
"I'm a athlete, I want a scent that is powerful.",1
"What's the best fragrance for a summer night out?",1
"I want something that smells like a warm vanilla.",1
"Looking for a perfume with a prominent cardamom note.",1
"I'm a artist, I want a scent that is expressive.",1
"What fragrance should I wear to a party?",1
"I want a perfume that smells like a mediterranean shore.",1
"Looking for a scent that is very dark and mysterious.",1
"I'm a businessman, I want a scent that is sharp.",1
"What's a good fragrance for a autumn evening?",1
"I want something that smells like a luxury hotel lobby.",1
"Looking for a perfume with a strong amber note.",1
"I'm a student, I want a scent that is trendy.",1
"What fragrance fits a 'classic' aesthetic?",1
"I want a perfume that smells like a blooming carnation.",1
"Looking for a scent that is very woody and clean.",1
"I'm a doctor, I want a scent that is calm.",1
"What's the best fragrance for a winter day?",1
"I want something that smells like a fresh orange zest.",1
"Looking for a perfume with a prominent black pepper note.",1
"I'm a fashionista, I want a scent that is elegant.",1
"What fragrance should I wear to a wedding reception?",1
"I want a perfume that smells like a cedar forest.",1
"Looking for a scent that is very spicy and fresh.",1
"I'm a musician, I want a scent that is loud.",1
"What's a good fragrance for a spring day?",1
"I want something that smells like a expensive perfume bottle.",1
"Looking for a perfume with a strong oud note.",1
"I'm a traveler, I want a scent that is evocative.",1
"What fragrance fits a 'chic' lifestyle?",1
"I want a perfume that smells like a blooming gardenia.",1
"Looking for a scent that is very clean and soapy.",1
"I'm a photographer, I want a scent that is creative.",1
"What's the best fragrance for a summer day?",1
"I want something that smells like a warm almond.",1
"Looking for a perfume with a prominent saffron note.",1
"I'm a scientist, I want a scent that is clean.",1
"What fragrance should I wear to a gala?",1
"I want a perfume that smells like a mediterranean grove.",1
"Looking for a scent that is very dark and smoky.",1
"I'm a entrepreneur, I want a scent that is bold.",1
"What's a good fragrance for a autumn day?",1
"I want something that smells like a luxury suite.",1
"Looking for a perfume with a strong incense note.",1
"I'm a writer, I want a scent that is thoughtful.",1
"What fragrance fits a 'minimalist' aesthetic?",1
"I want a perfume that smells like a blooming rose bush.",1
"Looking for a scent that is very woody and masculine.",1
"I'm a student, I want a scent that is fun.",1
"What's the best fragrance for a spring night?",1
"I want something that smells like a fresh grapefruit juice.",1
"Looking for a perfume with a prominent lavender note.",1
"I'm a nurse, I want a scent that is soothing.",1
"What fragrance should I wear to a dinner?",1
"I want a perfume that smells like a cedar forest in winter.",1
"Looking for a scent that is very spicy and warm.",1
"I'm a pilot, I want a scent that is light.",1
"What's a good fragrance for a summer night?",1
"I want something that smells like a expensive box of chocolates.",1
"Looking for a perfume with a strong leather note.",1
"I'm a traveler, I want a scent that is unique.",1
"What fragrance fits a 'luxurious' lifestyle?",1
"I want a perfume that smells like a blooming lily.",1
"Looking for a scent that is very clean and minimal.",1
"I'm a athlete, I want a scent that is energetic.",1
"What's the best fragrance for a autumn afternoon?",1
"I want something that smells like a warm gingerbread cookie.",1
"Looking for a perfume with a prominent vanilla note.",1
"I'm a teacher, I want a scent that is friendly.",1
"What fragrance should I wear to a housewarming party?",1
"I want a perfume that smells like a mediterranean garden.",1
"Looking for a scent that is very dark and resinous.",1
"I'm a businessman, I want a scent that is professional.",1
"What's a good fragrance for a spring morning?",1
"I want something that smells like a luxury resort.",1
"Looking for a perfume with a strong patchouli note.",1
"I'm a writer, I want a scent that is inspiring.",1
"What fragrance fits a 'classic' lifestyle?",1
"I want a perfume that smells like a blooming peony.",1
"Looking for a scent that is very woody and warm.",1
"I'm a student, I want a scent that is cool.",1
"What's the best fragrance for a summer day?",1
"I want something that smells like a fresh strawberry.",1
"Looking for a perfume with a prominent musk note.",1
"I'm a chef, I want a scent that is fresh.",1
"What fragrance should I wear to a family reunion?",1
"I want a perfume that smells like a cedar tree.",1
"Looking for a scent that is very spicy and bold.",1
"I'm a student, recommend me a fragrance for graduation day.",1
"Who won the game last night?",0
"I'm so tired of this weather.",0
"Can you help me with my math homework?",0
"What's the best way to cook a steak?",0
"I forgot my password again.",0
"Do you think it's going to rain today?",0
"Tell me a joke about a dog.",0
"I need a workout routine for beginners.",0
"How do I change a tire?",0
"My boss is driving me crazy.",0
"What's the capital of France?",0
"I'm feeling really down today.",0
"Can you recommend a good sci-fi movie?",0
"How do I get red wine out of a carpet?",0
"I'm so bored.",0
"What's the latest news?",0
"How do I make a sourdough starter?",0
"I'm thinking about quitting my job.",0
"What's the best way to learn Spanish?",0
"I need a recipe for chocolate chip cookies.",0
"My phone won't turn on.",0
"How do I plant tomatoes?",0
"What's the square root of 144?",0
"I'm so excited for the weekend!",0
"Can you help me write a resume?",0
"What's the best way to get organized?",0
"I'm feeling really stressed out.",0
"How do I fix a leaky faucet?",0
"What's the best way to lose weight?",0
"I'm looking for a new hobby.",0
"Can you tell me a story?",0
"What's the best way to save money?",0
"I'm feeling really lonely.",0
"How do I build a birdhouse?",0
"What's the best way to stay motivated?",0
"I'm looking for a new book to read.",0
"Can you help me plan a trip?",0
"What's the best way to deal with anxiety?",0
"I'm feeling really angry right now.",0
"How do I make a paper airplane?",0
"What's the best way to improve my memory?",0
"I'm looking for a new podcast to listen to.",0
"Can you help me understand quantum physics?",0
"What's the best way to handle a break-up?",0
"I'm feeling really confused.",0
"How do I draw a cat?",0
"What's the best way to get a good night's sleep?",0
"I'm looking for a new recipe for dinner.",0
"Can you help me write a poem?",0
"What's the best way to deal with a difficult person?",0
"I'm feeling really happy today!",0
"How do I tie a tie?",0
"What's the best way to learn to code?",0
"I'm looking for a new video game to play.",0
"Can you help me with my taxes?",0
"What's the best way to stay healthy?",0
"I'm feeling really overwhelmed.",0
"How do I bake a cake?",0
"What's the best way to improve my focus?",0
"I'm looking for a new series to binge-watch.",0
"Can you help me find a job?",0
"What's the best way to handle a disagreement?",0
"I'm feeling really inspired.",0
"How do I knit a scarf?",0
"What's the best way to learn to play the guitar?",0
"I'm looking for a new workout routine.",0
"Can you help me with my chemistry homework?",0
"What's the best way to save for retirement?",0
"I'm feeling really grateful.",0
"How do I make a cocktail?",0
"What's the best way to get a promotion?",0
"I'm looking for a new place to travel to.",0
"Can you help me understand the stock market?",0
"What's the best way to deal with grief?",0
"I'm feeling really adventurous.",0
"How do I fix a broken zipper?",0
"What's the best way to learn to paint?",0
"I'm looking for a new hobby to try.",0
"Can you help me write a speech?",0
"What's the best way to stay productive?",0
"I'm feeling really calm.",0
"How do I make a pizza?",0
"What's the best way to improve my communication skills?",0
"I'm looking for a new artist to listen to.",0
"Can you help me find a house?",0
"What's the best way to handle stress at work?",0
"I'm feeling really proud of myself.",0
"How do I make a friendship bracelet?",0
"What's the best way to learn a new language?",0
"I'm looking for a new recipe for lunch.",0
"Can you help me understand artificial intelligence?",0
"What's the best way to deal with a toxic friend?",0
"I'm feeling really motivated today.",0
"How do I make a smoothie?",0
"What's the best way to improve my public speaking?",0
"I'm looking for a new show to watch on Netflix.",0
"Can you help me find a car?",0
"What's the best way to handle a work-life balance?",0
"I'm feeling really content.",0
"How do I make a salad?",0
"What's the best way to improve my time management?",0
"I'm looking for a new book series to read.",0
"Can you help me understand the history of the world?",0
"What's the best way to deal with a difficult situation?",0
"I'm feeling really lucky.",0
"How do I make a sandwich?",0
"What's the best way to improve my self-esteem?",0
"I'm looking for a new movie to see in theaters.",0
"Can you help me find a volunteer opportunity?",0
"What's the best way to handle a career change?",0
"I'm feeling really peaceful.",0
"How do I make a cup of coffee?",0
"What's the best way to improve my social skills?",0
"I'm looking for a new game to play on my phone.",0
"Can you help me understand the meaning of life?",0
"What's the best way to deal with a loss?",0
"I'm feeling really hopeful.",0
"How do I make a bowl of cereal?",0
"What's the best way to improve my physical health?",0
"I'm looking for a new restaurant to try.",0
"Can you help me find a therapist?",0
"What's the best way to handle a conflict?",0
"I'm feeling really energetic.",0
"How do I make a toast?",0
"What's the best way to improve my mental health?",0
"I'm looking for a new activity to do with friends.",0
"Can you help me understand the universe?",0
"What's the best way to deal with a failure?",0
"I'm feeling really curious.",0
"How do I make a glass of water?",0
"What's the best way to improve my relationships?",0
"I'm looking for a new way to relax.",0
"Can you help me find a gift for my mom?",0
"What's the best way to handle a difficult conversation?",0
"I'm feeling really creative today.",0
"How do I make a bed?",0
"What's the best way to improve my sleep?",0
"I'm looking for a new recipe for breakfast.",0
"Can you help me understand how a computer works?",0
"What's the best way to deal with a disappointment?",0
"I'm feeling really determined.",0
"How do I wash my hair?",0
"What's the best way to improve my diet?",0
"I'm looking for a new way to stay active.",0
"Can you help me find a new job?",0
"What's the best way to handle a tough day?",0
"I'm feeling really optimistic.",0
"How do I brush my teeth?",0
"What's the best way to improve my productivity?",0
"I'm looking for a new place to explore.",0
"Can you help me understand politics?",0
"What's the best way to deal with a challenge?",0
"I'm feeling really courageous.",0
"How do I get to the airport?",0
"What's the best way to improve my confidence?",0
"I'm looking for a new song to listen to.",0
"Can you help me find a gym?",0
"What's the best way to handle a change?",0
"I'm feeling really brave.",0
"How do I use this remote?",0
"What's the best way to improve my skills?",0
"I'm looking for a new adventure.",0
"Can you help me understand philosophy?",0
"What's the best way to deal with fear?",0
"I'm feeling really strong.",0
"How do I turn on the light?",0
"What's the best way to improve my attitude?",0
"I'm looking for a new perspective.",0
"Can you help me find a hobby?",0
"What's the best way to handle a setback?",0
"I'm feeling really resilient.",0
"How do I open this jar?",0
"What's the best way to improve my life?",0
"I'm looking for a new challenge.",0
"Can you help me understand science?",0
"What's the best way to deal with a mistake?",0
"I'm feeling really wise.",0
"How do I write a letter?",0
"What's the best way to improve my knowledge?",0
"I'm looking for a new opportunity.",0
"Can you help me find a community?",0
"What's the best way to handle a problem?",0
"I'm feeling really smart.",0
"How do I read a map?",0
"What's the best way to improve my understanding?",0
"I'm looking for a new direction.",0
"Can you help me find a purpose?",0
"What's the best way to deal with a struggle?",0
"I'm feeling really capable.",0
"How do I use a compass?",0
"What's the best way to improve my performance?",0
"I'm looking for a new goal.",0
"Can you help me find a mentor?",0
"What's the best way to handle a task?",0
"I'm feeling really efficient.",0
"How do I cook pasta?",0
"What's the best way to improve my speed?",0
"I'm looking for a new project.",0
"Can you help me find a resource?",0
"What's the best way to deal with a deadline?",0
"I'm feeling really focused.",0
"How do I plant a tree?",0
"What's the best way to improve my accuracy?",0
"I'm looking for a new technique.",0
"Can you help me find a tool?",0
"What's the best way to handle a project?",0
"I'm feeling really organized.",0
"How do I build a fire?",0
"What's the best way to improve my quality?",0
"I'm looking for a new standard.",0
"Can you help me find a solution?",0
"What's the best way to deal with a bug?",0
"I'm feeling really productive.",0
"How do I fix a bike?",0
"What's the best way to improve my efficiency?",0
"I'm looking for a new method.",0
"Can you help me find a way?",0
"What's the best way to handle a crisis?",0
"I'm feeling really calm in a storm.",0
"How do I sail a boat?",0
"What's the best way to improve my safety?",0
"I'm looking for a new route.",0
"Can you help me find a map?",0
"What's the best way to deal with an emergency?",0
"I'm feeling really prepared.",0
"How do I fly a kite?",0
"What's the best way to improve my balance?",0
"I'm looking for a new trail.",0
"Can you help me find a park?",0
"What's the best way to handle a risk?",0
"I'm feeling really steady.",0
"How do I ride a horse?",0
"What's the best way to improve my coordination?",0
"I'm looking for a new field.",0
"Can you help me find a farm?",0
"What's the best way to deal with a threat?",0
"I'm feeling really alert.",0
"How do I climb a mountain?",0
"What's the best way to improve my stamina?",0
"I'm looking for a new peak.",0
"Can you help me find a guide?",0
"What's the best way to handle a climb?",0
"I'm feeling really ambitious.",0
"How do I swim in the ocean?",0
"What's the best way to improve my breathing?",0
"I'm looking for a new wave.",0
"Can you help me find a beach?",0
"What's the best way to deal with a current?",0
"I'm feeling really fluid.",0
"How do I ski down a hill?",0
"What's the best way to improve my agility?",0
"I'm looking for a new slope.",0
"Can you help me find a resort?",0
"What's the best way to handle a fall?",0
"I'm feeling really flexible.",0
"How do I dance at a party?",0
"What's the best way to improve my rhythm?",0
"I'm looking for a new beat.",0
"Can you help me find a club?",0
"What's the best way to deal with a crowd?",0
"I'm feeling really social.",0
"How do I sing a song?",0
"What's the best way to improve my pitch?",0
"I'm looking for a new tune.",0
"Can you help me find a stage?",0
"What's the best way to deal with stage fright?",0
"I'm feeling really expressive.",0
"How do I act in a play?",0
"What's the best way to improve my memory for lines?",0
"I'm looking for a new role.",0
"Can you help me find a theater?",0
"What's the best way to deal with an audience?",0
"I'm feeling really dramatic.",0
"How do I write a book?",0
"What's the best way to improve my grammar?",0
"I'm looking for a new story idea.",0
"Can you help me find a publisher?",0
"What's the best way to deal with writer's block?",0
"I'm feeling really imaginative.",0
"How do I paint a picture?",0
"What's the best way to improve my brushwork?",0
"I'm looking for a new subject.",0
"Can you help me find a gallery?",0
"What's the best way to deal with a critique?",0
"I'm feeling really artistic.",0
"How do I take a photo?",0
"What's the best way to improve my lighting?",0
"I'm looking for a new angle.",0
"Can you help me find a studio?",0
"What's the best way to deal with a blurry image?",0
"I'm feeling really visual.",0
"How do I make a movie?",0
"What's the best way to improve my editing?",0
"I'm looking for a new script.",0
"Can you help me find a cast?",0
"What's the best way to deal with a production delay?",0
"I'm feeling really cinematic.",0
"How do I code an app?",0
"What's the best way to improve my logic?",0
"I'm looking for a new feature idea.",0
"Can you help me find a developer community?",0
"What's the best way to deal with a system crash?",0
"I'm feeling really technical.",0
"How do I build a robot?",0
"What's the best way to improve my engineering?",0
"I'm looking for a new part.",0
"Can you help me find a workshop?",0
"What's the best way to deal with a mechanical failure?",0
"I'm feeling really inventive.",0
"How do I solve a puzzle?",0
"What's the best way to improve my strategy?",0
"I'm looking for a new mystery.",0
"Can you help me find a game?",0
"What's the best way to deal with a difficult level?",0
"I'm feeling really analytical.",0
"How do I play chess?",0
"What's the best way to improve my opening?",0
"I'm looking for a new opponent.",0
"Can you help me find a tournament?",0
"What's the best way to deal with a loss in chess?",0
"I'm feeling really strategic.",0
"How do I win a race?",0
"What's the best way to improve my start?",0
"I'm looking for a new track.",0
"Can you help me find a coach?",0
"What's the best way to deal with a fast opponent?",0
"I'm feeling really competitive.",0
"How do I score a goal?",0
"What's the best way to improve my shot?",0
"I'm looking for a new team.",0
"Can you help me find a league?",0
"What's the best way to deal with a tough defense?",0
"I'm feeling really athletic.",0
"How do I hit a home run?",0
"What's the best way to improve my swing?",0
"I'm looking for a new bat.",0
"Can you help me find a field?",0
"What's the best way to deal with a curveball?",0
"I'm feeling really powerful.",0
"How do I serve an ace?",0
"What's the best way to improve my serve?",0
"I'm looking for a new racket.",0
"Can you help me find a court?",0
"What's the best way to deal with a powerful return?",0
"I'm feeling really precise.",0
"How do I sink a putt?",0
"What's the best way to improve my aim?",0
"I'm looking for a new club.",0
"Can you help me find a course?",0
"What's the best way to deal with a tricky green?",0
"I'm feeling really patient.",0
"How do I catch a fish?",0
"What's the best way to improve my cast?",0
"I'm looking for a new lure.",0
"Can you help me find a lake?",0
"What's the best way to deal with a big catch?",0
"I'm feeling really lucky today.",0
"How do I bake bread?",0
"What's the best way to improve my crust?",0
"I'm looking for a new oven.",0
"Can you help me find a bakery?",0
"What's the best way to deal with dough that won't rise?",0
"I'm feeling really domestic.",0
"How do I clean my house?",0
"What's the best way to improve my routine?",0
"I'm looking for a new vacuum.",0
"Can you help me find a maid service?",0
"What's the best way to deal with a messy room?",0
"I'm feeling really tidy.",0
"How do I decorate a room?",0
"What's the best way to improve my style?",0
"I'm looking for a new rug.",0
"Can you help me find an interior designer?",0
"What's the best way to deal with a small space?",0
"I'm feeling really stylish.",0
"How do I garden?",0
"What's the best way to improve my soil?",0
"I'm looking for a new shovel.",0
"Can you help me find a nursery?",0
"What's the best way to deal with pests in the garden?",0
"I'm feeling really earthy.",0
"How do I take care of a pet?",0
"What's the best way to improve my training?",0
"I'm looking for a new leash.",0
"Can you help me find a vet?",0
"What's the best way to deal with a sick pet?",0
"I'm feeling really caring.",0
"How do I parent a child?",0
"What's the best way to improve my communication with my kids?",0
"I'm looking for a new school.",0
"Can you help me find a babysitter?",0
"What's the best way to deal with a temper tantrum?",0
"I'm feeling really responsible.",0
"How do I manage my money?",0
"What's the best way to improve my savings?",0
"I'm looking for a new bank.",0
"Can you help me find a financial advisor?",0
"What's the best way to deal with debt?",0
"I'm feeling really frugal.",0
"How do I invest my money?",0
"What's the best way to improve my returns?",0
"I'm looking for a new stock.",0
"Can you help me find an investment firm?",0
"What's the best way to deal with a market crash?",0
"I'm feeling really savvy.",0
"How do I retire?",0
"What's the best way to improve my retirement plan?",0
"I'm looking for a new place to live when I retire.",0
"Can you help me find a retirement community?",0
"What's the best way to deal with aging?",0
"I'm feeling really reflective.",0
"How do I learn a new skill?",0
"What's the best way to improve my learning speed?",0
"I'm looking for a new course.",0
"Can you help me find a teacher?",0
"What's the best way to deal with a difficult subject?",0
"I'm feeling really studious.",0
"How do I get a degree?",0
"What's the best way to improve my grades?",0
"I'm looking for a new university.",0
"Can you help me find a scholarship?",0
"What's the best way to deal with exam stress?",0
"I'm feeling really academic.",0
"How do I get a job?",0
"What's the best way to improve my interview skills?",0
"I'm looking for a new career path.",0
"Can you help me find a recruiter?",0
"What's the best way to deal with a job rejection?",0
"I'm feeling really professional.",0
"How do I start a business?",0
"What's the best way to improve my business plan?",0
"I'm looking for a new partner.",0
"Can you help me find funding?",0
"What's the best way to deal with a business failure?",0
"I'm feeling really entrepreneurial.",0
"How do I lead a team?",0
"What's the best way to improve my leadership skills?",0
"I'm looking for a new project manager.",0
"Can you help me find a team building exercise?",0
"What's the best way to deal with a difficult employee?",0
"I'm feeling really authoritative.",0
"How do I change the world?",0
"What's the best way to improve my impact?",0
"I'm looking for a new cause.",0
"Can you help me find a non-profit?",0
"What's the best way to deal with a global crisis?",0
"I'm feeling really altruistic.",0
"How do I find happiness?",0
"What's the best way to improve my well-being?",0
"I'm looking for a new meaning.",0
"Can you help me find a path?",0
"What's the best way to deal with unhappiness?",0
"I'm feeling really philosophical today.",0
"How do I find love?",0
"What's the best way to improve my dating life?",0
"I'm looking for a new partner for life.",0
"Can you help me find a dating app?",0
"What's the best way to deal with a heartbreak?",0
"I'm feeling really romantic.",0
"How do I find peace?",0
"What's the best way to improve my meditation?",0
"I'm looking for a new retreat.",0
"Can you help me find a zen master?",0
"What's the best way to deal with inner turmoil?",0
"I'm feeling really spiritual.",0
"How do I find myself?",0
"What's the best way to improve my self-awareness?",0
"I'm looking for a new journey.",0
"Can you help me find a soul searcher?",0
"What's the best way to deal with an identity crisis?",0
"I'm feeling really existential.",0
"How do I live a good life?",0
"What's the best way to improve my values?",0
"I'm looking for a new purpose in life.",0
"Can you help me find a mentor for life?",0
"What's the best way to deal with mortality?",0
"I'm feeling really mortal.",0
"How do I make a difference?",0
"What's the best way to improve my contribution?",0
"I'm looking for a new way to give back.",0
"Can you help me find a way to help others?",0
"What's the best way to deal with indifference?",0
"I'm feeling really helpful today.",0
"How do I stay young?",0
"What's the best way to improve my vitality?",0
"I'm looking for a new fountain of youth.",0
"Can you help me find a health guru?",0
"What's the best way to deal with getting older?",0
"I'm feeling really youthful.",0
"How do I get smarter?",0
"What's the best way to improve my IQ?",0
"I'm looking for a new brain game.",0
"Can you help me find a genius?",0
"What's the best way to deal with stupidity?",0
"I'm feeling really intelligent.",0
"How do I get stronger?",0
"What's the best way to improve my muscle mass?",0
"I'm looking for a new gym routine.",0
"Can you help me find a personal trainer?",0
"What's the best way to deal with weakness?",0
"I'm feeling really fit.",0
"How do I get faster?",0
"What's the best way to improve my sprint?",0
"I'm looking for a new running shoe.",0
"Can you help me find a track club?",0
"What's the best way to deal with slowness?",0
"I'm feeling really quick.",0
"How do I get better at anything?",0
"What's the best way to improve my practice?",0
"I'm looking for a new coach for everything.",0
"Can you help me find a way to be the best?",0
"What's the best way to deal with mediocrity?",0
"I'm feeling really ambitious today.",0
"How do I survive?",0
"What's the best way to improve my survival skills?",0
"I'm looking for a new wilderness.",0
"Can you help me find a survivalist?",0
"What's the best way to deal with a disaster?",0
"I'm feeling really resilient today.",0
"How do I thrive?",0
"What's the best way to improve my success?",0
"I'm looking for a new peak to reach.",0
"Can you help me find a successful person?",0
"What's the best way to deal with success?",0
"I'm feeling really successful.",0
"How do I just be?",0
"What's the best way to improve my presence?",0
"I'm looking for a new now.",0
"Can you help me find the present moment?",0
"What's the best way to deal with the past?",0
"I'm feeling really present.",0
"How do I end this?",0
"What's the best way to improve my closure?",0
"I'm looking for a new beginning.",0
"Can you help me find the end?",0
"What's the best way to deal with an ending?",0
"I'm feeling really final.",0